Model,Accuracy,Precision,Recall,F1
CTGAN,0.7171717171717171,0.7553191489361702,0.9342105263157895,0.8352941176470589
