Model,Accuracy,Precision,Recall,F1
Baseline,1.0,1.0,1.0,1.0
SMOTE,1.0,1.0,1.0,1.0
CTGAN,0.7171717171717171,0.7553191489361702,0.9342105263157896,0.8352941176470589
TVAE,1.0,1.0,1.0,1.0
CopulaGAN,0.7171717171717171,0.7553191489361702,0.9342105263157896,0.8352941176470589
